fid,name,shape_star,shape_stle,SHAPE__Len,SHAPE__Are,layer,path
"60",Downtown,11356254.808,14822.4431569,5837.42721251919,1763829.54964131,central-neighborhoods — central,/Users/ryanlittle/code/projects/bpd-districts/data/shapefiles/district-neighborhoods/central-neighborhoods.geojson
"63",Dunbar-Broadway,4782962.25366,9686.2090653,3816.0897574174,742982.847935844,central-neighborhoods — central,/Users/ryanlittle/code/projects/bpd-districts/data/shapefiles/district-neighborhoods/central-neighborhoods.geojson
"78",Fells Point,8030614.92358,22094.1653683,8706.83983411742,1247024.1103719,central-neighborhoods — central,/Users/ryanlittle/code/projects/bpd-districts/data/shapefiles/district-neighborhoods/central-neighborhoods.geojson
"86",Gay Street,3055188.76477,7137.34782527,2814.42543494685,474661.032873622,central-neighborhoods — central,/Users/ryanlittle/code/projects/bpd-districts/data/shapefiles/district-neighborhoods/central-neighborhoods.geojson
"117",Inner Harbor,6729869.74377,37141.6983457,14637.4005518571,1045049.21738507,central-neighborhoods — central,/Users/ryanlittle/code/projects/bpd-districts/data/shapefiles/district-neighborhoods/central-neighborhoods.geojson
"120",Johnston Square,4763773.82037,10541.961704,4152.60270858609,740157.253224466,central-neighborhoods — central,/Users/ryanlittle/code/projects/bpd-districts/data/shapefiles/district-neighborhoods/central-neighborhoods.geojson
"122",Jonestown,3748501.68243,8888.95556141,3504.06306569835,582205.966860583,central-neighborhoods — central,/Users/ryanlittle/code/projects/bpd-districts/data/shapefiles/district-neighborhoods/central-neighborhoods.geojson
"135",Little Italy,1394845.48022,5216.83209646,2055.52235706614,216617.112101953,central-neighborhoods — central,/Users/ryanlittle/code/projects/bpd-districts/data/shapefiles/district-neighborhoods/central-neighborhoods.geojson
"149",Mid-Town Belvedere,6158434.02692,10698.2351905,4218.14090592519,956864.18901642,central-neighborhoods — central,/Users/ryanlittle/code/projects/bpd-districts/data/shapefiles/district-neighborhoods/central-neighborhoods.geojson
"164",Mount Vernon,6318924.2182,11595.6358979,4570.63809104154,981628.767716489,central-neighborhoods — central,/Users/ryanlittle/code/projects/bpd-districts/data/shapefiles/district-neighborhoods/central-neighborhoods.geojson
"175",Oldtown,4666297.48083,9578.2192508,3774.86305734257,724904.431505107,central-neighborhoods — central,/Users/ryanlittle/code/projects/bpd-districts/data/shapefiles/district-neighborhoods/central-neighborhoods.geojson
"191",Penn-Fallsway,3748607.56427,8958.02482747,3532.65393445471,582331.597256148,central-neighborhoods — central,/Users/ryanlittle/code/projects/bpd-districts/data/shapefiles/district-neighborhoods/central-neighborhoods.geojson
"193",Perkins Homes,1033266.7132,4083.6537736,1609.11094499088,160470.048728352,central-neighborhoods — central,/Users/ryanlittle/code/projects/bpd-districts/data/shapefiles/district-neighborhoods/central-neighborhoods.geojson
"196",Pleasant View Gardens,1282405.07007,4876.43564756,1921.16087415792,199194.287408024,central-neighborhoods — central,/Users/ryanlittle/code/projects/bpd-districts/data/shapefiles/district-neighborhoods/central-neighborhoods.geojson
"223",Seton Hill,2078431.8537,6752.29900658,2662.02911768424,322868.887159569,central-neighborhoods — central,/Users/ryanlittle/code/projects/bpd-districts/data/shapefiles/district-neighborhoods/central-neighborhoods.geojson
"237",University Of Maryland,4209747.48419,10060.5560054,3966.77154839156,653836.340466952,central-neighborhoods — central,/Users/ryanlittle/code/projects/bpd-districts/data/shapefiles/district-neighborhoods/central-neighborhoods.geojson
"239",Upper Fells Point,3548763.87781,8691.7364505,3423.95001701261,551138.466966976,central-neighborhoods — central,/Users/ryanlittle/code/projects/bpd-districts/data/shapefiles/district-neighborhoods/central-neighborhoods.geojson
"246",Washington Hill,4382351.96063,10205.1802729,4020.76217558513,680666.318125566,central-neighborhoods — central,/Users/ryanlittle/code/projects/bpd-districts/data/shapefiles/district-neighborhoods/central-neighborhoods.geojson
"274",Downtown West,3058194.19354,8318.29464856,3275.71247390432,474925.745360159,central-neighborhoods — central,/Users/ryanlittle/code/projects/bpd-districts/data/shapefiles/district-neighborhoods/central-neighborhoods.geojson
"5",Armistead Gardens,13180631.0557,16915.7441343,6667.42926297808,2048122.18027663,eastern-neighborhoods,/Users/ryanlittle/code/projects/bpd-districts/data/shapefiles/district-neighborhoods/eastern-neighborhoods.geojson
"9",Barclay,3918355.6239,8116.64931187,3201.18468563621,608995.102135378,eastern-neighborhoods,/Users/ryanlittle/code/projects/bpd-districts/data/shapefiles/district-neighborhoods/eastern-neighborhoods.geojson
"14",Berea,9479305.00562,12598.7929985,4967.14660715668,1473072.54102823,eastern-neighborhoods,/Users/ryanlittle/code/projects/bpd-districts/data/shapefiles/district-neighborhoods/eastern-neighborhoods.geojson
"23",Broadway East,9655402.7196,12525.8043973,4936.97061451987,1500389.71915254,eastern-neighborhoods,/Users/ryanlittle/code/projects/bpd-districts/data/shapefiles/district-neighborhoods/eastern-neighborhoods.geojson
"41",Charles North,3869455.64868,9452.2635282,3726.92354005883,601325.10614786,eastern-neighborhoods,/Users/ryanlittle/code/projects/bpd-districts/data/shapefiles/district-neighborhoods/eastern-neighborhoods.geojson
"45",Orchard Ridge,7738613.0426,13101.4501548,5161.57963636748,1202695.49246085,eastern-neighborhoods,/Users/ryanlittle/code/projects/bpd-districts/data/shapefiles/district-neighborhoods/eastern-neighborhoods.geojson
"46",Clifton Park,15619927.8088,16821.5788895,6630.50335855764,2428030.78573643,eastern-neighborhoods,/Users/ryanlittle/code/projects/bpd-districts/data/shapefiles/district-neighborhoods/eastern-neighborhoods.geojson
"48",Coldstream Homestead Montebello,14350023.8718,16776.7022175,6611.66103718158,2230811.68979617,eastern-neighborhoods,/Users/ryanlittle/code/projects/bpd-districts/data/shapefiles/district-neighborhoods/eastern-neighborhoods.geojson
"56",Darley Park,1448701.6568,5721.58775897,2253.87623241251,225163.2533343,eastern-neighborhoods,/Users/ryanlittle/code/projects/bpd-districts/data/shapefiles/district-neighborhoods/eastern-neighborhoods.geojson
"66",East Baltimore Midway,8358483.11853,12869.3724826,5069.50378099926,1299089.25768098,eastern-neighborhoods,/Users/ryanlittle/code/projects/bpd-districts/data/shapefiles/district-neighborhoods/eastern-neighborhoods.geojson
"92",Greenmount Cemetery,2980085.94446,6951.22402897,2741.12715418063,463091.679010037,eastern-neighborhoods,/Users/ryanlittle/code/projects/bpd-districts/data/shapefiles/district-neighborhoods/eastern-neighborhoods.geojson
"93",Greenmount West,2791403.33923,7365.44437598,2904.05657095852,433770.237662263,eastern-neighborhoods,/Users/ryanlittle/code/projects/bpd-districts/data/shapefiles/district-neighborhoods/eastern-neighborhoods.geojson
"176",Oliver,7330066.82666,10859.8752595,4281.3778920994,1139032.87092134,eastern-neighborhoods,/Users/ryanlittle/code/projects/bpd-districts/data/shapefiles/district-neighborhoods/eastern-neighborhoods.geojson
"177",Orangeville,10301508.9001,15682.1066537,6178.71272567404,1600497.36250239,eastern-neighborhoods,/Users/ryanlittle/code/projects/bpd-districts/data/shapefiles/district-neighborhoods/eastern-neighborhoods.geojson
"178",Orangeville Industrial Area,12416222.6628,16424.4106755,6477.09941016207,1929294.21314429,eastern-neighborhoods,/Users/ryanlittle/code/projects/bpd-districts/data/shapefiles/district-neighborhoods/eastern-neighborhoods.geojson
"226",South Clifton Park,2631025.18744,9645.48540728,3796.7837253519,408901.778051337,eastern-neighborhoods,/Users/ryanlittle/code/projects/bpd-districts/data/shapefiles/district-neighborhoods/eastern-neighborhoods.geojson
"275",Belair-Edison,22998308.1718,25209.1506097,9936.42842662058,3575019.97984221,eastern-neighborhoods,/Users/ryanlittle/code/projects/bpd-districts/data/shapefiles/district-neighborhoods/eastern-neighborhoods.geojson
"276",Four By Four,1974070.26605,6457.97454112,2543.37781808379,306818.327112593,eastern-neighborhoods,/Users/ryanlittle/code/projects/bpd-districts/data/shapefiles/district-neighborhoods/eastern-neighborhoods.geojson
"278",Old Goucher,1614849.03455,5089.80457269,2006.76487299064,250990.764763792,eastern-neighborhoods,/Users/ryanlittle/code/projects/bpd-districts/data/shapefiles/district-neighborhoods/eastern-neighborhoods.geojson
"3",Arcadia,6302176.92999,12268.0789032,4839.57264550472,980017.935924169,northeastern-neighborhoods — northeastern,/Users/ryanlittle/code/projects/bpd-districts/data/shapefiles/district-neighborhoods/northeastern-neighborhoods.geojson
"12",Belair-Parkside,898055.542969,6678.39255968,2634.12234549068,139637.273973291,northeastern-neighborhoods — northeastern,/Users/ryanlittle/code/projects/bpd-districts/data/shapefiles/district-neighborhoods/northeastern-neighborhoods.geojson
"16",Beverly Hills,2903878.11652,7224.23458232,2849.49098640537,451633.272161164,northeastern-neighborhoods — northeastern,/Users/ryanlittle/code/projects/bpd-districts/data/shapefiles/district-neighborhoods/northeastern-neighborhoods.geojson
"29",Cameron Village,2894943.30859,8011.33245619,3159.96874590676,450465.864590233,northeastern-neighborhoods — northeastern,/Users/ryanlittle/code/projects/bpd-districts/data/shapefiles/district-neighborhoods/northeastern-neighborhoods.geojson
"37",Cedmont,10481879.1221,15076.2328037,5947.730142862,1630568.64791697,northeastern-neighborhoods — northeastern,/Users/ryanlittle/code/projects/bpd-districts/data/shapefiles/district-neighborhoods/northeastern-neighborhoods.geojson
"38",Cedonia,7867340.94531,17746.6729474,7003.79765673965,1223225.61263882,northeastern-neighborhoods — northeastern,/Users/ryanlittle/code/projects/bpd-districts/data/shapefiles/district-neighborhoods/northeastern-neighborhoods.geojson
"44",Chinquapin Park,3198454.19128,9169.64109685,3615.69174095024,497784.090755384,northeastern-neighborhoods — northeastern,/Users/ryanlittle/code/projects/bpd-districts/data/shapefiles/district-neighborhoods/northeastern-neighborhoods.geojson
"70",Ednor Gardens-Lakeside,14237242.0117,18899.6803598,7454.12480957049,2213913.3851645,northeastern-neighborhoods — northeastern,/Users/ryanlittle/code/projects/bpd-districts/data/shapefiles/district-neighborhoods/northeastern-neighborhoods.geojson
"81",Frankford,59236392.2885,38658.586818,15242.2176927262,9210351.61493126,northeastern-neighborhoods — northeastern,/Users/ryanlittle/code/projects/bpd-districts/data/shapefiles/district-neighborhoods/northeastern-neighborhoods.geojson
"88",Glen Oaks,7506418.2381,13893.7429567,5487.19024907171,1168299.42442069,northeastern-neighborhoods — northeastern,/Users/ryanlittle/code/projects/bpd-districts/data/shapefiles/district-neighborhoods/northeastern-neighborhoods.geojson
"89",Glenham-Belhar,20893170.4968,19395.6743412,7645.95727419031,3250462.43052966,northeastern-neighborhoods — northeastern,/Users/ryanlittle/code/projects/bpd-districts/data/shapefiles/district-neighborhoods/northeastern-neighborhoods.geojson
"101",Hamilton Hills,31835154.025,26493.0839559,10452.2163946548,4954534.05942308,northeastern-neighborhoods — northeastern,/Users/ryanlittle/code/projects/bpd-districts/data/shapefiles/district-neighborhoods/northeastern-neighborhoods.geojson
"106",Herring Run Park,6712914.21143,12150.6498692,4792.54257337933,1043788.73569418,northeastern-neighborhoods — northeastern,/Users/ryanlittle/code/projects/bpd-districts/data/shapefiles/district-neighborhoods/northeastern-neighborhoods.geojson
"108",Hillen,4703306.06403,9382.39289607,3702.14414386971,731550.902093215,northeastern-neighborhoods — northeastern,/Users/ryanlittle/code/projects/bpd-districts/data/shapefiles/district-neighborhoods/northeastern-neighborhoods.geojson
"116",Idlewood,5798822.81958,10299.3910147,4061.45003181809,902641.305776259,northeastern-neighborhoods — northeastern,/Users/ryanlittle/code/projects/bpd-districts/data/shapefiles/district-neighborhoods/northeastern-neighborhoods.geojson
"124",Kenilworth Park,4043237.16125,9251.86041756,3652.39956921505,629023.506088074,northeastern-neighborhoods — northeastern,/Users/ryanlittle/code/projects/bpd-districts/data/shapefiles/district-neighborhoods/northeastern-neighborhoods.geojson
"129",Lake Walker,5658032.30444,10861.4900577,4282.33356417958,880731.623587335,northeastern-neighborhoods — northeastern,/Users/ryanlittle/code/projects/bpd-districts/data/shapefiles/district-neighborhoods/northeastern-neighborhoods.geojson
"132",Lauraville,16484815.9441,20785.0176964,8198.27626668121,2564380.63512818,northeastern-neighborhoods — northeastern,/Users/ryanlittle/code/projects/bpd-districts/data/shapefiles/district-neighborhoods/northeastern-neighborhoods.geojson
"136",Loch Raven,15903146.4045,19133.1953623,7550.71745383596,2474929.53978748,northeastern-neighborhoods — northeastern,/Users/ryanlittle/code/projects/bpd-districts/data/shapefiles/district-neighborhoods/northeastern-neighborhoods.geojson
"139",Lower Herring Run Park,2424371.80109,8050.46560866,3174.10726327674,376867.25375972,northeastern-neighborhoods — northeastern,/Users/ryanlittle/code/projects/bpd-districts/data/shapefiles/district-neighborhoods/northeastern-neighborhoods.geojson
"144",Mayfield,3624961.97546,8117.6170454,3200.23414523658,563616.608905717,northeastern-neighborhoods — northeastern,/Users/ryanlittle/code/projects/bpd-districts/data/shapefiles/district-neighborhoods/northeastern-neighborhoods.geojson
"156",Montebello,12940059.1079,15669.336386,6180.0335248116,2012287.51171309,northeastern-neighborhoods — northeastern,/Users/ryanlittle/code/projects/bpd-districts/data/shapefiles/district-neighborhoods/northeastern-neighborhoods.geojson
"157",Moravia-Walther,3652442.80615,8864.34597724,3496.9088886917,568075.130697725,northeastern-neighborhoods — northeastern,/Users/ryanlittle/code/projects/bpd-districts/data/shapefiles/district-neighborhoods/northeastern-neighborhoods.geojson
"158",Morgan Park,2024263.63104,5822.75381211,2296.97100435595,314903.332059616,northeastern-neighborhoods — northeastern,/Users/ryanlittle/code/projects/bpd-districts/data/shapefiles/district-neighborhoods/northeastern-neighborhoods.geojson
"159",Morgan State University,7353342.63458,20842.8134201,8221.14084253948,1143872.22097003,northeastern-neighborhoods — northeastern,/Users/ryanlittle/code/projects/bpd-districts/data/shapefiles/district-neighborhoods/northeastern-neighborhoods.geojson
"167",Mt Pleasant Park,7052893.06226,14642.9897097,5780.20861344187,1097756.25017042,northeastern-neighborhoods — northeastern,/Users/ryanlittle/code/projects/bpd-districts/data/shapefiles/district-neighborhoods/northeastern-neighborhoods.geojson
"168",New Northwood,8945705.87537,15961.0786365,6300.83872877774,1391684.56962727,northeastern-neighborhoods — northeastern,/Users/ryanlittle/code/projects/bpd-districts/data/shapefiles/district-neighborhoods/northeastern-neighborhoods.geojson
"169",North Harford Road,17840985.8033,19737.9674588,7783.30625763775,2776876.91769401,northeastern-neighborhoods — northeastern,/Users/ryanlittle/code/projects/bpd-districts/data/shapefiles/district-neighborhoods/northeastern-neighborhoods.geojson
"179",Original Northwood,4807037.80054,10610.4530743,4188.31909987033,747642.048259605,northeastern-neighborhoods — northeastern,/Users/ryanlittle/code/projects/bpd-districts/data/shapefiles/district-neighborhoods/northeastern-neighborhoods.geojson
"181",Overlea,8483491.93335,13968.5224437,5513.07191253013,1320263.72692596,northeastern-neighborhoods — northeastern,/Users/ryanlittle/code/projects/bpd-districts/data/shapefiles/district-neighborhoods/northeastern-neighborhoods.geojson
"185",Parkside,3275695.39746,8597.02463868,3389.47395107913,509232.157572744,northeastern-neighborhoods — northeastern,/Users/ryanlittle/code/projects/bpd-districts/data/shapefiles/district-neighborhoods/northeastern-neighborhoods.geojson
"194",Perring Loch,6096896.04022,10666.4577319,4204.80415347393,948597.88521267,northeastern-neighborhoods — northeastern,/Users/ryanlittle/code/projects/bpd-districts/data/shapefiles/district-neighborhoods/northeastern-neighborhoods.geojson
"202",Ramblewood,4344952.36774,8775.58337132,3462.53205831945,676225.189049552,northeastern-neighborhoods — northeastern,/Users/ryanlittle/code/projects/bpd-districts/data/shapefiles/district-neighborhoods/northeastern-neighborhoods.geojson
"213",Rosemont East,7027804.5307,11961.6042059,4716.43606049975,1093523.60859614,northeastern-neighborhoods — northeastern,/Users/ryanlittle/code/projects/bpd-districts/data/shapefiles/district-neighborhoods/northeastern-neighborhoods.geojson
"229",Stonewood-Pentwood-Winston,2600221.12097,6890.19420371,2717.63801669664,404507.700383679,northeastern-neighborhoods — northeastern,/Users/ryanlittle/code/projects/bpd-districts/data/shapefiles/district-neighborhoods/northeastern-neighborhoods.geojson
"230",Taylor Heights,5331249.73413,10341.7477925,4080.30849403649,829848.70181061,northeastern-neighborhoods — northeastern,/Users/ryanlittle/code/projects/bpd-districts/data/shapefiles/district-neighborhoods/northeastern-neighborhoods.geojson
"245",Waltherson,20607287.7974,22365.1961846,8820.91148256203,3205262.41980078,northeastern-neighborhoods — northeastern,/Users/ryanlittle/code/projects/bpd-districts/data/shapefiles/district-neighborhoods/northeastern-neighborhoods.geojson
"252",Westfield,11957559.831,14412.3081342,5684.62977764711,1860779.6962851,northeastern-neighborhoods — northeastern,/Users/ryanlittle/code/projects/bpd-districts/data/shapefiles/district-neighborhoods/northeastern-neighborhoods.geojson
"260",Woodbourne Heights,3751242.67096,7799.11761036,3077.03000240271,583721.985217523,northeastern-neighborhoods — northeastern,/Users/ryanlittle/code/projects/bpd-districts/data/shapefiles/district-neighborhoods/northeastern-neighborhoods.geojson
"269",Evesham Park,2047093.81342,7080.75324782,2789.80845798249,318620.050994328,northeastern-neighborhoods — northeastern,/Users/ryanlittle/code/projects/bpd-districts/data/shapefiles/district-neighborhoods/northeastern-neighborhoods.geojson
"1",Abell,2034706.4007,5892.82777754,2324.67418218258,316336.062497104,northern-neighborhoods — northern,/Users/ryanlittle/code/projects/bpd-districts/data/shapefiles/district-neighborhoods/northern-neighborhoods.geojson
"13",Bellona-Gittings,4531887.16559,8679.20480461,3423.86952879557,705428.952603067,northern-neighborhoods — northern,/Users/ryanlittle/code/projects/bpd-districts/data/shapefiles/district-neighborhoods/northern-neighborhoods.geojson
"15",Better Waverly,7855516.21228,12435.9439128,4904.53898234751,1221244.40489358,northern-neighborhoods — northern,/Users/ryanlittle/code/projects/bpd-districts/data/shapefiles/district-neighborhoods/northern-neighborhoods.geojson
"18",Blythewood,2115750.30817,5922.91512629,2337.64920469683,329168.979465769,northern-neighborhoods — northern,/Users/ryanlittle/code/projects/bpd-districts/data/shapefiles/district-neighborhoods/northern-neighborhoods.geojson
"36",Cedarcroft,3727766.79431,8018.45088023,3162.53235362878,580271.124722431,northern-neighborhoods — northern,/Users/ryanlittle/code/projects/bpd-districts/data/shapefiles/district-neighborhoods/northern-neighborhoods.geojson
"40",Central Park Heights,12345779.7965,19209.9055291,7579.32276220057,1920356.4583345,northern-neighborhoods — northern,/Users/ryanlittle/code/projects/bpd-districts/data/shapefiles/district-neighborhoods/northern-neighborhoods.geojson
"47",Coldspring,18117450.8196,19438.0557115,7671.0594011314,2818668.62752737,northern-neighborhoods — northern,/Users/ryanlittle/code/projects/bpd-districts/data/shapefiles/district-neighborhoods/northern-neighborhoods.geojson
"52",Cross Keys,7756024.39581,15970.1196754,6306.08790302485,1206742.60377297,northern-neighborhoods — northern,/Users/ryanlittle/code/projects/bpd-districts/data/shapefiles/district-neighborhoods/northern-neighborhoods.geojson
"55",Cylburn,6159472.37085,10917.6891408,4305.99120926019,958197.175184418,northern-neighborhoods — northern,/Users/ryanlittle/code/projects/bpd-districts/data/shapefiles/district-neighborhoods/northern-neighborhoods.geojson
"62",Druid Hill Park,27173455.5836,22839.3689017,9003.26725400613,4224309.79017386,northern-neighborhoods — northern,/Users/ryanlittle/code/projects/bpd-districts/data/shapefiles/district-neighborhoods/northern-neighborhoods.geojson
"72",Evergreen,1604532.38177,5208.91302586,2054.55923585193,249601.616890476,northern-neighborhoods — northern,/Users/ryanlittle/code/projects/bpd-districts/data/shapefiles/district-neighborhoods/northern-neighborhoods.geojson
"94",Greenspring,4846824.47223,9653.22740119,3807.90800608816,753771.616676844,northern-neighborhoods — northern,/Users/ryanlittle/code/projects/bpd-districts/data/shapefiles/district-neighborhoods/northern-neighborhoods.geojson
"96",Guilford,15409086.9055,19160.9559939,7558.17091527626,2396565.35966683,northern-neighborhoods — northern,/Users/ryanlittle/code/projects/bpd-districts/data/shapefiles/district-neighborhoods/northern-neighborhoods.geojson
"99",Hampden,17129933.7401,19317.3123965,7618.18803748123,2663581.31805596,northern-neighborhoods — northern,/Users/ryanlittle/code/projects/bpd-districts/data/shapefiles/district-neighborhoods/northern-neighborhoods.geojson
"103",Harwood,1977449.14349,5914.2249559,2333.27295384345,307389.69202432,northern-neighborhoods — northern,/Users/ryanlittle/code/projects/bpd-districts/data/shapefiles/district-neighborhoods/northern-neighborhoods.geojson
"109",Hoes Heights,2161364.60468,6676.30227241,2634.45028174205,336164.791980285,northern-neighborhoods — northern,/Users/ryanlittle/code/projects/bpd-districts/data/shapefiles/district-neighborhoods/northern-neighborhoods.geojson
"112",Homeland,17165700.412,18261.9585575,7203.07440450801,2671278.62679061,northern-neighborhoods — northern,/Users/ryanlittle/code/projects/bpd-districts/data/shapefiles/district-neighborhoods/northern-neighborhoods.geojson
"119",Johns Hopkins Homewood,7150790.74078,13201.7722929,5209.63678169468,1111840.57191347,northern-neighborhoods — northern,/Users/ryanlittle/code/projects/bpd-districts/data/shapefiles/district-neighborhoods/northern-neighborhoods.geojson
"121",Jones Falls Area,7806256.90228,23820.9785513,9395.07808687411,1213420.61524574,northern-neighborhoods — northern,/Users/ryanlittle/code/projects/bpd-districts/data/shapefiles/district-neighborhoods/northern-neighborhoods.geojson
"125",Kernewood,2006029.99976,6813.50184974,2686.12709035059,312056.644241517,northern-neighborhoods — northern,/Users/ryanlittle/code/projects/bpd-districts/data/shapefiles/district-neighborhoods/northern-neighborhoods.geojson
"126",Keswick,2229509.13074,8852.93405767,3490.13873496829,346791.829593645,northern-neighborhoods — northern,/Users/ryanlittle/code/projects/bpd-districts/data/shapefiles/district-neighborhoods/northern-neighborhoods.geojson
"128",Lake Evesham,1981866.29706,6184.79022424,2438.28190961036,308471.768997738,northern-neighborhoods — northern,/Users/ryanlittle/code/projects/bpd-districts/data/shapefiles/district-neighborhoods/northern-neighborhoods.geojson
"133",Levindale,4121014.42145,8920.87333244,3517.01278305508,641181.119463008,northern-neighborhoods — northern,/Users/ryanlittle/code/projects/bpd-districts/data/shapefiles/district-neighborhoods/northern-neighborhoods.geojson
"134",Liberty Square,3262344.52155,8544.12919782,3367.3333245692,507139.27314275,northern-neighborhoods — northern,/Users/ryanlittle/code/projects/bpd-districts/data/shapefiles/district-neighborhoods/northern-neighborhoods.geojson
"140",Loyola/Notre Dame,8385267.05878,17177.4418963,6776.80773411416,1304514.1235583,northern-neighborhoods — northern,/Users/ryanlittle/code/projects/bpd-districts/data/shapefiles/district-neighborhoods/northern-neighborhoods.geojson
"146",Medfield,7253813.60577,10675.3331909,4211.80938361102,1128205.06723077,northern-neighborhoods — northern,/Users/ryanlittle/code/projects/bpd-districts/data/shapefiles/district-neighborhoods/northern-neighborhoods.geojson
"148",Mid-Govans,3591765.91461,7206.92224899,2841.9622997349,558906.517202468,northern-neighborhoods — northern,/Users/ryanlittle/code/projects/bpd-districts/data/shapefiles/district-neighborhoods/northern-neighborhoods.geojson
"170",North Roland Park/Poplar Hill,17092936.8763,19427.9294403,7661.25895238455,2660495.47715397,northern-neighborhoods — northern,/Users/ryanlittle/code/projects/bpd-districts/data/shapefiles/district-neighborhoods/northern-neighborhoods.geojson
"173",Oakenshawe,1742579.43237,5903.24727103,2326.99619267411,270952.505046178,northern-neighborhoods — northern,/Users/ryanlittle/code/projects/bpd-districts/data/shapefiles/district-neighborhoods/northern-neighborhoods.geojson
"183",Park Circle,8657770.05939,14082.4900589,5556.21509676115,1346131.30110991,northern-neighborhoods — northern,/Users/ryanlittle/code/projects/bpd-districts/data/shapefiles/district-neighborhoods/northern-neighborhoods.geojson
"184",Parklane,3452976.05133,8236.85601274,3246.81140862997,537087.069092028,northern-neighborhoods — northern,/Users/ryanlittle/code/projects/bpd-districts/data/shapefiles/district-neighborhoods/northern-neighborhoods.geojson
"189",Pen Lucy,4783277.52954,9278.92304964,3659.08674457139,743944.994240233,northern-neighborhoods — northern,/Users/ryanlittle/code/projects/bpd-districts/data/shapefiles/district-neighborhoods/northern-neighborhoods.geojson
"201",Radnor-Winston,2190905.18933,6307.96689648,2488.23498294003,340847.592507588,northern-neighborhoods — northern,/Users/ryanlittle/code/projects/bpd-districts/data/shapefiles/district-neighborhoods/northern-neighborhoods.geojson
"204",Remington,6841686.67804,12677.83159,5002.67553528178,1063504.8069999,northern-neighborhoods — northern,/Users/ryanlittle/code/projects/bpd-districts/data/shapefiles/district-neighborhoods/northern-neighborhoods.geojson
"206",Richnor Springs,931167.986023,4392.3898666,1730.99108862201,144853.631436047,northern-neighborhoods — northern,/Users/ryanlittle/code/projects/bpd-districts/data/shapefiles/district-neighborhoods/northern-neighborhoods.geojson
"210",Roland Park,26693380.6643,34818.7825672,13738.2208161432,4152822.96493908,northern-neighborhoods — northern,/Users/ryanlittle/code/projects/bpd-districts/data/shapefiles/district-neighborhoods/northern-neighborhoods.geojson
"211",Rosebank,1843865.0224,7003.37902468,2764.23923681878,286963.731095122,northern-neighborhoods — northern,/Users/ryanlittle/code/projects/bpd-districts/data/shapefiles/district-neighborhoods/northern-neighborhoods.geojson
"215",Sabina-Mattfeldt,3293672.99072,10305.5286239,4069.9860014628,512648.772559313,northern-neighborhoods — northern,/Users/ryanlittle/code/projects/bpd-districts/data/shapefiles/district-neighborhoods/northern-neighborhoods.geojson
"232",The Orchards,5886355.14526,12794.1524694,5048.92720926444,916222.114409651,northern-neighborhoods — northern,/Users/ryanlittle/code/projects/bpd-districts/data/shapefiles/district-neighborhoods/northern-neighborhoods.geojson
"233",Towanda-Grantley,3897988.32507,9571.92500596,3774.40183697898,606192.258919213,northern-neighborhoods — northern,/Users/ryanlittle/code/projects/bpd-districts/data/shapefiles/district-neighborhoods/northern-neighborhoods.geojson
"235",Tuscany-Canterbury,4056924.72119,9288.31099276,3665.06238333749,630941.439513443,northern-neighborhoods — northern,/Users/ryanlittle/code/projects/bpd-districts/data/shapefiles/district-neighborhoods/northern-neighborhoods.geojson
"241",Villages Of Homeland,883032.241577,3710.25884683,1463.14904190617,137388.699795185,northern-neighborhoods — northern,/Users/ryanlittle/code/projects/bpd-districts/data/shapefiles/district-neighborhoods/northern-neighborhoods.geojson
"248",Waverly,4310264.01361,8555.90988838,3375.96377440344,670231.654336049,northern-neighborhoods — northern,/Users/ryanlittle/code/projects/bpd-districts/data/shapefiles/district-neighborhoods/northern-neighborhoods.geojson
"255",Wilson Park,2613200.82269,8524.42434575,3360.59784167652,406475.16250056,northern-neighborhoods — northern,/Users/ryanlittle/code/projects/bpd-districts/data/shapefiles/district-neighborhoods/northern-neighborhoods.geojson
"258",Winston-Govans,3157589.89221,7394.25725593,2916.52524122539,491243.608674914,northern-neighborhoods — northern,/Users/ryanlittle/code/projects/bpd-districts/data/shapefiles/district-neighborhoods/northern-neighborhoods.geojson
"259",Woodberry,14826251.0665,18239.3677625,7195.42624026411,2305737.1243577,northern-neighborhoods — northern,/Users/ryanlittle/code/projects/bpd-districts/data/shapefiles/district-neighborhoods/northern-neighborhoods.geojson
"261",Woodbourne-McCabe,2095145.28668,6196.439459,2442.60183602608,325986.832350822,northern-neighborhoods — northern,/Users/ryanlittle/code/projects/bpd-districts/data/shapefiles/district-neighborhoods/northern-neighborhoods.geojson
"263",Wyman Park,3076687.18988,9837.20480498,3882.6751375979,478413.77672168,northern-neighborhoods — northern,/Users/ryanlittle/code/projects/bpd-districts/data/shapefiles/district-neighborhoods/northern-neighborhoods.geojson
"264",Wyndhurst,8468962.82874,12956.265393,5110.45983252646,1317834.8085728,northern-neighborhoods — northern,/Users/ryanlittle/code/projects/bpd-districts/data/shapefiles/district-neighborhoods/northern-neighborhoods.geojson
"270",Belvedere,2889358.04706,7744.10912826,3054.45243078378,449657.810419754,northern-neighborhoods — northern,/Users/ryanlittle/code/projects/bpd-districts/data/shapefiles/district-neighborhoods/northern-neighborhoods.geojson
"271",Wrenlane,804249.310669,4099.07186401,1615.1884010667,125104.469402434,northern-neighborhoods — northern,/Users/ryanlittle/code/projects/bpd-districts/data/shapefiles/district-neighborhoods/northern-neighborhoods.geojson
"272",York-Homeland,653275.737671,3294.06123602,1299.50467188582,101642.140966386,northern-neighborhoods — northern,/Users/ryanlittle/code/projects/bpd-districts/data/shapefiles/district-neighborhoods/northern-neighborhoods.geojson
"277",Charles Village,7341800.12585,13989.718067,5521.21954244451,1141361.82034966,northern-neighborhoods — northern,/Users/ryanlittle/code/projects/bpd-districts/data/shapefiles/district-neighborhoods/northern-neighborhoods.geojson
"4",Arlington,5034869.06128,9756.11559432,3846.59950618983,783270.832862269,northwestern-neighborhoods — northwestern,/Users/ryanlittle/code/projects/bpd-districts/data/shapefiles/district-neighborhoods/northwestern-neighborhoods.geojson
"6",Ashburton,9825186.0708,16042.2275466,6325.78478247068,1527621.2320181,northwestern-neighborhoods — northwestern,/Users/ryanlittle/code/projects/bpd-districts/data/shapefiles/district-neighborhoods/northwestern-neighborhoods.geojson
"26",Burleith-Leighton,2356530.23987,7955.35018446,3136.14396609582,366301.895199647,northwestern-neighborhoods — northwestern,/Users/ryanlittle/code/projects/bpd-districts/data/shapefiles/district-neighborhoods/northwestern-neighborhoods.geojson
"28",Callaway-Garrison,5305377.89996,9848.55363569,3885.32153800752,824957.955203123,northwestern-neighborhoods — northwestern,/Users/ryanlittle/code/projects/bpd-districts/data/shapefiles/district-neighborhoods/northwestern-neighborhoods.geojson
"39",Central Forest Park,4163296.35693,8735.00612656,3442.2601980228,647283.16758106,northwestern-neighborhoods — northwestern,/Users/ryanlittle/code/projects/bpd-districts/data/shapefiles/district-neighborhoods/northwestern-neighborhoods.geojson
"43",Cheswolde,23843696.5583,22004.5813432,8673.51440022168,3711319.35815366,northwestern-neighborhoods — northwestern,/Users/ryanlittle/code/projects/bpd-districts/data/shapefiles/district-neighborhoods/northwestern-neighborhoods.geojson
"49",Concerned Citizens Of Forest Park,2227123.98059,6062.79487366,2390.44237125424,346223.984500308,northwestern-neighborhoods — northwestern,/Users/ryanlittle/code/projects/bpd-districts/data/shapefiles/district-neighborhoods/northwestern-neighborhoods.geojson
"51",Cross Country,16515265.0901,20723.1047216,8172.11748501251,2570528.28300522,northwestern-neighborhoods — northwestern,/Users/ryanlittle/code/projects/bpd-districts/data/shapefiles/district-neighborhoods/northwestern-neighborhoods.geojson
"57",Dickeyville,5941675.0459,12376.9271279,4882.77264352784,923495.943447119,northwestern-neighborhoods — northwestern,/Users/ryanlittle/code/projects/bpd-districts/data/shapefiles/district-neighborhoods/northwestern-neighborhoods.geojson
"58",Dolfield,4740941.33044,8664.08439952,3415.2355164074,737318.618469204,northwestern-neighborhoods — northwestern,/Users/ryanlittle/code/projects/bpd-districts/data/shapefiles/district-neighborhoods/northwestern-neighborhoods.geojson
"59",Dorchester,5312958.39124,9388.65762023,3703.15501016767,826141.704090128,northwestern-neighborhoods — northwestern,/Users/ryanlittle/code/projects/bpd-districts/data/shapefiles/district-neighborhoods/northwestern-neighborhoods.geojson
"65",East Arlington,3606014.60455,8629.66873564,3403.33964455162,560714.483189262,northwestern-neighborhoods — northwestern,/Users/ryanlittle/code/projects/bpd-districts/data/shapefiles/district-neighborhoods/northwestern-neighborhoods.geojson
"75",Fairmont,4618358.94159,10861.3220666,4279.96713563762,717666.536661635,northwestern-neighborhoods — northwestern,/Users/ryanlittle/code/projects/bpd-districts/data/shapefiles/district-neighborhoods/northwestern-neighborhoods.geojson
"76",Fallstaff,8239068.73517,13936.1099191,5501.80049844273,1282301.73661058,northwestern-neighborhoods — northwestern,/Users/ryanlittle/code/projects/bpd-districts/data/shapefiles/district-neighborhoods/northwestern-neighborhoods.geojson
"79",Forest Park,4323370.34277,9202.00078833,3627.25269427951,672114.431665717,northwestern-neighborhoods — northwestern,/Users/ryanlittle/code/projects/bpd-districts/data/shapefiles/district-neighborhoods/northwestern-neighborhoods.geojson
"80",Forest Park Golf Course,2871674.21552,7965.56585941,3139.34730776617,446431.082243344,northwestern-neighborhoods — northwestern,/Users/ryanlittle/code/projects/bpd-districts/data/shapefiles/district-neighborhoods/northwestern-neighborhoods.geojson
"83",Franklintown,16597497.8454,22917.3236487,9030.95395753824,2578957.83800678,northwestern-neighborhoods — northwestern,/Users/ryanlittle/code/projects/bpd-districts/data/shapefiles/district-neighborhoods/northwestern-neighborhoods.geojson
"85",Garwyn Oaks,3662010.15057,8082.23702759,3188.92258959081,569203.798313492,northwestern-neighborhoods — northwestern,/Users/ryanlittle/code/projects/bpd-districts/data/shapefiles/district-neighborhoods/northwestern-neighborhoods.geojson
"87",Glen,20831899.9731,21572.490575,8507.22120488544,3241503.87269752,northwestern-neighborhoods — northwestern,/Users/ryanlittle/code/projects/bpd-districts/data/shapefiles/district-neighborhoods/northwestern-neighborhoods.geojson
"95",Grove Park,9570738.28607,12781.6548805,5040.05907462933,1488568.20430481,northwestern-neighborhoods — northwestern,/Users/ryanlittle/code/projects/bpd-districts/data/shapefiles/district-neighborhoods/northwestern-neighborhoods.geojson
"98",Gwynns Falls/Leakin Park,20780011.3057,35837.0456845,14123.3003151686,3228695.4632618,northwestern-neighborhoods — northwestern,/Users/ryanlittle/code/projects/bpd-districts/data/shapefiles/district-neighborhoods/northwestern-neighborhoods.geojson
"100",Hanlon-Longwood,12132167.9788,15975.3898448,6296.49370414786,1885779.09516557,northwestern-neighborhoods — northwestern,/Users/ryanlittle/code/projects/bpd-districts/data/shapefiles/district-neighborhoods/northwestern-neighborhoods.geojson
"114",Howard Park,29480758.3174,24848.8998103,9803.20286224649,4583867.21295708,northwestern-neighborhoods — northwestern,/Users/ryanlittle/code/projects/bpd-districts/data/shapefiles/district-neighborhoods/northwestern-neighborhoods.geojson
"131",Langston Hughes,1685848.70587,5157.41982752,2033.95993572096,262228.778789225,northwestern-neighborhoods — northwestern,/Users/ryanlittle/code/projects/bpd-districts/data/shapefiles/district-neighborhoods/northwestern-neighborhoods.geojson
"141",Lucille Park,2921938.10504,9489.16611502,3738.58848081018,454453.591594487,northwestern-neighborhoods — northwestern,/Users/ryanlittle/code/projects/bpd-districts/data/shapefiles/district-neighborhoods/northwestern-neighborhoods.geojson
"163",Mount Holly,3454693.13208,9461.43836598,3727.85101880467,536893.228808323,northwestern-neighborhoods — northwestern,/Users/ryanlittle/code/projects/bpd-districts/data/shapefiles/district-neighborhoods/northwestern-neighborhoods.geojson
"165",Mount Washington,34598084.8259,26939.6540312,10622.8869361856,5384579.55138553,northwestern-neighborhoods — northwestern,/Users/ryanlittle/code/projects/bpd-districts/data/shapefiles/district-neighborhoods/northwestern-neighborhoods.geojson
"171",Northwest Community Action,3232651.29108,8579.80638173,3380.96191866693,502305.891224438,northwestern-neighborhoods — northwestern,/Users/ryanlittle/code/projects/bpd-districts/data/shapefiles/district-neighborhoods/northwestern-neighborhoods.geojson
"195",Pimlico Good Neighbors,8243717.38184,11944.1273976,4707.41744607213,1282634.78880839,northwestern-neighborhoods — northwestern,/Users/ryanlittle/code/projects/bpd-districts/data/shapefiles/district-neighborhoods/northwestern-neighborhoods.geojson
"200",Purnell,1080461.51361,6216.1956489,2449.02553730858,167952.867282876,northwestern-neighborhoods — northwestern,/Users/ryanlittle/code/projects/bpd-districts/data/shapefiles/district-neighborhoods/northwestern-neighborhoods.geojson
"203",Reisterstown Station,12636822.5703,18538.7785222,7314.36173564044,1966148.80367456,northwestern-neighborhoods — northwestern,/Users/ryanlittle/code/projects/bpd-districts/data/shapefiles/district-neighborhoods/northwestern-neighborhoods.geojson
"212",Rosemont,4855692.43463,8937.80272923,3525.02000402644,754458.974925433,northwestern-neighborhoods — northwestern,/Users/ryanlittle/code/projects/bpd-districts/data/shapefiles/district-neighborhoods/northwestern-neighborhoods.geojson
"222",Seton Business Park,10901478.2615,16335.325213,6445.57742321725,1695803.24553109,northwestern-neighborhoods — northwestern,/Users/ryanlittle/code/projects/bpd-districts/data/shapefiles/district-neighborhoods/northwestern-neighborhoods.geojson
"243",Wakefield,7610638.0647,14423.9415287,5683.72168487711,1182789.78190547,northwestern-neighborhoods — northwestern,/Users/ryanlittle/code/projects/bpd-districts/data/shapefiles/district-neighborhoods/northwestern-neighborhoods.geojson
"244",Walbrook,5559831.48096,11191.8165769,4409.28279303975,864034.617235062,northwestern-neighborhoods — northwestern,/Users/ryanlittle/code/projects/bpd-districts/data/shapefiles/district-neighborhoods/northwestern-neighborhoods.geojson
"249",West Arlington,7602654.19672,11687.7051579,4607.2236429647,1182433.74711966,northwestern-neighborhoods — northwestern,/Users/ryanlittle/code/projects/bpd-districts/data/shapefiles/district-neighborhoods/northwestern-neighborhoods.geojson
"250",West Forest Park,10382193.3328,20554.7944639,8099.9996652311,1613786.79451329,northwestern-neighborhoods — northwestern,/Users/ryanlittle/code/projects/bpd-districts/data/shapefiles/district-neighborhoods/northwestern-neighborhoods.geojson
"257",Windsor Hills,6529802.85779,11151.1569403,4397.07115579075,1014937.17068442,northwestern-neighborhoods — northwestern,/Users/ryanlittle/code/projects/bpd-districts/data/shapefiles/district-neighborhoods/northwestern-neighborhoods.geojson
"262",Woodmere,7203440.18927,11826.79635,4662.40280843852,1120533.07325223,northwestern-neighborhoods — northwestern,/Users/ryanlittle/code/projects/bpd-districts/data/shapefiles/district-neighborhoods/northwestern-neighborhoods.geojson
"7",Baltimore Highlands,4223885.55096,8315.12539496,3277.86358741139,656088.307988781,southeastern-neighborhoods — southeastern,/Users/ryanlittle/code/projects/bpd-districts/data/shapefiles/district-neighborhoods/southeastern-neighborhoods.geojson
"8",Patterson Park Neighborhood,4709387.49969,10491.2519841,4131.87839049969,731485.487791341,southeastern-neighborhoods — southeastern,/Users/ryanlittle/code/projects/bpd-districts/data/shapefiles/district-neighborhoods/southeastern-neighborhoods.geojson
"17",Biddle Street,3146076.54431,8917.46879724,3510.87115999189,488815.630363484,southeastern-neighborhoods — southeastern,/Users/ryanlittle/code/projects/bpd-districts/data/shapefiles/district-neighborhoods/southeastern-neighborhoods.geojson
"21",Brewers Hill,2485521.70245,6423.65016866,2532.1914685508,385971.234525874,southeastern-neighborhoods — southeastern,/Users/ryanlittle/code/projects/bpd-districts/data/shapefiles/district-neighborhoods/southeastern-neighborhoods.geojson
"24",Broening Manor,4532644.56683,10987.3393262,4327.60694071641,703668.298106688,southeastern-neighborhoods — southeastern,/Users/ryanlittle/code/projects/bpd-districts/data/shapefiles/district-neighborhoods/southeastern-neighborhoods.geojson
"27",Butcher's Hill,2164569.26129,5963.73412866,2351.0751602505,336203.8027984,southeastern-neighborhoods — southeastern,/Users/ryanlittle/code/projects/bpd-districts/data/shapefiles/district-neighborhoods/southeastern-neighborhoods.geojson
"30",Canton,15903821.8414,20047.3307609,7896.71351362586,2469522.37050928,southeastern-neighborhoods — southeastern,/Users/ryanlittle/code/projects/bpd-districts/data/shapefiles/district-neighborhoods/southeastern-neighborhoods.geojson
"31",Canton Industrial Area,69374266.1689,73390.8910249,28924.3944821074,10768272.6667573,southeastern-neighborhoods — southeastern,/Users/ryanlittle/code/projects/bpd-districts/data/shapefiles/district-neighborhoods/southeastern-neighborhoods.geojson
"64",Dundalk Marine Terminal,11934370.9047,15859.5375769,6253.56003808723,1851391.12767601,southeastern-neighborhoods — southeastern,/Users/ryanlittle/code/projects/bpd-districts/data/shapefiles/district-neighborhoods/southeastern-neighborhoods.geojson
"68",Eastwood,781985.497559,4183.80177465,1650.81199651546,121453.234464213,southeastern-neighborhoods — southeastern,/Users/ryanlittle/code/projects/bpd-districts/data/shapefiles/district-neighborhoods/southeastern-neighborhoods.geojson
"71",Ellwood Park/Monument,3887483.97998,8537.08038854,3363.06825895808,603899.236456825,southeastern-neighborhoods — southeastern,/Users/ryanlittle/code/projects/bpd-districts/data/shapefiles/district-neighborhoods/southeastern-neighborhoods.geojson
"90",Graceland Park,8713042.74908,17767.5656333,7007.62292825649,1352916.19092802,southeastern-neighborhoods — southeastern,/Users/ryanlittle/code/projects/bpd-districts/data/shapefiles/district-neighborhoods/southeastern-neighborhoods.geojson
"91",Greektown,6257135.61041,13857.8461456,5461.94546169015,971690.947119659,southeastern-neighborhoods — southeastern,/Users/ryanlittle/code/projects/bpd-districts/data/shapefiles/district-neighborhoods/southeastern-neighborhoods.geojson
"107",Highlandtown,3961747.18439,8604.63357209,3388.37269557919,615284.495704505,southeastern-neighborhoods — southeastern,/Users/ryanlittle/code/projects/bpd-districts/data/shapefiles/district-neighborhoods/southeastern-neighborhoods.geojson
"110",Holabird Industrial Park,15727173.5887,32082.3003456,12641.2727947456,2440996.98193446,southeastern-neighborhoods — southeastern,/Users/ryanlittle/code/projects/bpd-districts/data/shapefiles/district-neighborhoods/southeastern-neighborhoods.geojson
"113",Hopkins Bayview,11577585.943,16512.9543105,6503.62852691871,1798264.51406562,southeastern-neighborhoods — southeastern,/Users/ryanlittle/code/projects/bpd-districts/data/shapefiles/district-neighborhoods/southeastern-neighborhoods.geojson
"123",Bayview,2604282.83197,7482.44762484,2946.18101701263,404467.705943667,southeastern-neighborhoods — southeastern,/Users/ryanlittle/code/projects/bpd-districts/data/shapefiles/district-neighborhoods/southeastern-neighborhoods.geojson
"127",Kresson,7469803.85406,13318.7104578,5248.25551580261,1160357.15817637,southeastern-neighborhoods — southeastern,/Users/ryanlittle/code/projects/bpd-districts/data/shapefiles/district-neighborhoods/southeastern-neighborhoods.geojson
"143",Madison-Eastend,2907510.34772,7197.11549344,2835.09136998661,451710.836470216,southeastern-neighborhoods — southeastern,/Users/ryanlittle/code/projects/bpd-districts/data/shapefiles/district-neighborhoods/southeastern-neighborhoods.geojson
"145",McElderry Park,3525581.13281,8044.49245947,3169.38744775183,547674.924108666,southeastern-neighborhoods — southeastern,/Users/ryanlittle/code/projects/bpd-districts/data/shapefiles/district-neighborhoods/southeastern-neighborhoods.geojson
"147",Medford,4293507.41455,8548.49517543,3367.63177415659,666628.340581909,southeastern-neighborhoods — southeastern,/Users/ryanlittle/code/projects/bpd-districts/data/shapefiles/district-neighborhoods/southeastern-neighborhoods.geojson
"151",Middle East,5520289.41888,9473.71666889,3733.61352355213,857652.265934219,southeastern-neighborhoods — southeastern,/Users/ryanlittle/code/projects/bpd-districts/data/shapefiles/district-neighborhoods/southeastern-neighborhoods.geojson
"154",Milton-Montford,1583096.62482,5033.45719594,1984.16143709269,245949.151371347,southeastern-neighborhoods — southeastern,/Users/ryanlittle/code/projects/bpd-districts/data/shapefiles/district-neighborhoods/southeastern-neighborhoods.geojson
"172",O'Donnell Heights,4402009.40881,9880.78322205,3893.13281183627,683468.192089399,southeastern-neighborhoods — southeastern,/Users/ryanlittle/code/projects/bpd-districts/data/shapefiles/district-neighborhoods/southeastern-neighborhoods.geojson
"187",Patterson Park,6297453.07526,10773.7409634,4244.18041420763,978048.700992412,southeastern-neighborhoods — southeastern,/Users/ryanlittle/code/projects/bpd-districts/data/shapefiles/district-neighborhoods/southeastern-neighborhoods.geojson
"188",Patterson Place,1059586.05334,4249.99922792,1675.83577649367,164585.137955243,southeastern-neighborhoods — southeastern,/Users/ryanlittle/code/projects/bpd-districts/data/shapefiles/district-neighborhoods/southeastern-neighborhoods.geojson
"199",Pulaski Industrial Area,54856507.7926,63974.8655628,25218.5350000482,8522590.8585432,southeastern-neighborhoods — southeastern,/Users/ryanlittle/code/projects/bpd-districts/data/shapefiles/district-neighborhoods/southeastern-neighborhoods.geojson
"217",Saint Helena,1580872.93243,6293.11388103,2481.22553900871,245327.382568907,southeastern-neighborhoods — southeastern,/Users/ryanlittle/code/projects/bpd-districts/data/shapefiles/district-neighborhoods/southeastern-neighborhoods.geojson
"273",CARE,2362434.80695,6495.2362512,2559.96175275315,366980.982332335,southeastern-neighborhoods — southeastern,/Users/ryanlittle/code/projects/bpd-districts/data/shapefiles/district-neighborhoods/southeastern-neighborhoods.geojson
"10",Barre Circle,667645.262512,3977.19322677,1568.50134319575,103679.537006293,southern-neighborhoods — southern,/Users/ryanlittle/code/projects/bpd-districts/data/shapefiles/district-neighborhoods/southern-neighborhoods.geojson
"25",Brooklyn,23789044.0555,24120.2236069,9497.1118630459,3688823.11686017,southern-neighborhoods — southern,/Users/ryanlittle/code/projects/bpd-districts/data/shapefiles/district-neighborhoods/southern-neighborhoods.geojson
"32",Carroll - Camden Industrial Area,19598923.8584,32614.0264503,12850.1181219428,3042538.52357718,southern-neighborhoods — southern,/Users/ryanlittle/code/projects/bpd-districts/data/shapefiles/district-neighborhoods/southern-neighborhoods.geojson
"33",Carroll Park,9589127.07141,14047.2820415,5532.27620143753,1488742.89398344,southern-neighborhoods — southern,/Users/ryanlittle/code/projects/bpd-districts/data/shapefiles/district-neighborhoods/southern-neighborhoods.geojson
"42",Cherry Hill,32651226.634,28581.0807665,11253.5899135139,5065329.46738798,southern-neighborhoods — southern,/Users/ryanlittle/code/projects/bpd-districts/data/shapefiles/district-neighborhoods/southern-neighborhoods.geojson
"53",Curtis Bay,14248922.6328,18848.7254652,7427.24144928146,2208936.04600132,southern-neighborhoods — southern,/Users/ryanlittle/code/projects/bpd-districts/data/shapefiles/district-neighborhoods/southern-neighborhoods.geojson
"54",Curtis Bay Industrial Area,11674907.0447,26426.0022185,10404.7546951224,1809891.54486212,southern-neighborhoods — southern,/Users/ryanlittle/code/projects/bpd-districts/data/shapefiles/district-neighborhoods/southern-neighborhoods.geojson
"74",Fairfield Area,67027755.1611,82665.3372976,32559.6603654079,10395167.5960484,southern-neighborhoods — southern,/Users/ryanlittle/code/projects/bpd-districts/data/shapefiles/district-neighborhoods/southern-neighborhoods.geojson
"77",Federal Hill,4151493.45752,10057.5163426,3961.88443223413,644569.583287341,southern-neighborhoods — southern,/Users/ryanlittle/code/projects/bpd-districts/data/shapefiles/district-neighborhoods/southern-neighborhoods.geojson
"104",Hawkins Point,54765749.11,55783.9116388,21950.0044109891,8486319.23077407,southern-neighborhoods — southern,/Users/ryanlittle/code/projects/bpd-districts/data/shapefiles/district-neighborhoods/southern-neighborhoods.geojson
"130",Lakeland,15279785.4267,15962.7856109,6283.40698033073,2370830.06053769,southern-neighborhoods — southern,/Users/ryanlittle/code/projects/bpd-districts/data/shapefiles/district-neighborhoods/southern-neighborhoods.geojson
"137",Locust Point,3744051.20007,9958.62568444,3924.47622857481,581165.447169725,southern-neighborhoods — southern,/Users/ryanlittle/code/projects/bpd-districts/data/shapefiles/district-neighborhoods/southern-neighborhoods.geojson
"138",Locust Point Industrial Area,22251204.4357,58571.145484,23078.7973558825,3453732.26838166,southern-neighborhoods — southern,/Users/ryanlittle/code/projects/bpd-districts/data/shapefiles/district-neighborhoods/southern-neighborhoods.geojson
"150",Middle Branch/Reedbird Parks,10155473.2048,30219.7238129,11902.4287439409,1575430.00527348,southern-neighborhoods — southern,/Users/ryanlittle/code/projects/bpd-districts/data/shapefiles/district-neighborhoods/southern-neighborhoods.geojson
"160",Morrell Park,23379615.467,19042.1640615,7499.49991288302,3628506.24822331,southern-neighborhoods — southern,/Users/ryanlittle/code/projects/bpd-districts/data/shapefiles/district-neighborhoods/southern-neighborhoods.geojson
"166",Mount Winans,2134555.87866,6320.89015693,2489.36658999951,331262.227250941,southern-neighborhoods — southern,/Users/ryanlittle/code/projects/bpd-districts/data/shapefiles/district-neighborhoods/southern-neighborhoods.geojson
"174",Oaklee,1135910.60278,5684.49040567,2238.33271789175,176314.6392324,southern-neighborhoods — southern,/Users/ryanlittle/code/projects/bpd-districts/data/shapefiles/district-neighborhoods/southern-neighborhoods.geojson
"180",Otterbein,2858008.99817,7204.22076466,2838.98034233176,443786.357796845,southern-neighborhoods — southern,/Users/ryanlittle/code/projects/bpd-districts/data/shapefiles/district-neighborhoods/southern-neighborhoods.geojson
"198",Port Covington,9253761.59015,21963.7685756,8654.03217867224,1436141.7840014,southern-neighborhoods — southern,/Users/ryanlittle/code/projects/bpd-districts/data/shapefiles/district-neighborhoods/southern-neighborhoods.geojson
"207",Ridgely's Delight,1367467.23499,5157.61952025,2033.54751818181,212350.923972538,southern-neighborhoods — southern,/Users/ryanlittle/code/projects/bpd-districts/data/shapefiles/district-neighborhoods/southern-neighborhoods.geojson
"208",Riverside,8229898.43073,14636.8384991,5765.94415838892,1277585.44286729,southern-neighborhoods — southern,/Users/ryanlittle/code/projects/bpd-districts/data/shapefiles/district-neighborhoods/southern-neighborhoods.geojson
"219",Saint Paul,2890521.1026,8150.34949817,3210.54357597951,448660.444491314,southern-neighborhoods — southern,/Users/ryanlittle/code/projects/bpd-districts/data/shapefiles/district-neighborhoods/southern-neighborhoods.geojson
"221",South Baltimore,3618802.27277,7843.05332092,3092.01379661245,561752.90662002,southern-neighborhoods — southern,/Users/ryanlittle/code/projects/bpd-districts/data/shapefiles/district-neighborhoods/southern-neighborhoods.geojson
"224",Sharp-Leadenhall,1925439.70013,5659.97934019,2230.74161246534,298935.613130736,southern-neighborhoods — southern,/Users/ryanlittle/code/projects/bpd-districts/data/shapefiles/district-neighborhoods/southern-neighborhoods.geojson
"227",Spring Garden Industrial Area,7533384.94983,16934.675652,6676.81171226399,1169301.09870421,southern-neighborhoods — southern,/Users/ryanlittle/code/projects/bpd-districts/data/shapefiles/district-neighborhoods/southern-neighborhoods.geojson
"228",Stadium Area,4576641.49292,10097.1046717,3982.24844524782,710618.561182346,southern-neighborhoods — southern,/Users/ryanlittle/code/projects/bpd-districts/data/shapefiles/district-neighborhoods/southern-neighborhoods.geojson
"242",Violetville,16526898.8563,17886.6462017,7047.04751763809,2565140.76441749,southern-neighborhoods — southern,/Users/ryanlittle/code/projects/bpd-districts/data/shapefiles/district-neighborhoods/southern-neighborhoods.geojson
"247",Washington Village/Pigtown,9110700.33344,16783.3914429,6612.91221119226,1414680.99437642,southern-neighborhoods — southern,/Users/ryanlittle/code/projects/bpd-districts/data/shapefiles/district-neighborhoods/southern-neighborhoods.geojson
"254",Westport,13876158.9771,23475.0887938,9249.8936888506,2153510.38176889,southern-neighborhoods — southern,/Users/ryanlittle/code/projects/bpd-districts/data/shapefiles/district-neighborhoods/southern-neighborhoods.geojson
"267",Wilhelm Park,12422006.9657,19040.1923704,7498.22663583664,1928328.73930285,southern-neighborhoods — southern,/Users/ryanlittle/code/projects/bpd-districts/data/shapefiles/district-neighborhoods/southern-neighborhoods.geojson
"2",Allendale,11326639.4808,14276.8452329,5624.63468547478,1759173.4382046,southwestern-neighborhoods — southwestern,/Users/ryanlittle/code/projects/bpd-districts/data/shapefiles/district-neighborhoods/southwestern-neighborhoods.geojson
"11",Beechfield,11233693.6567,16371.1585149,6447.51514103153,1744099.00576574,southwestern-neighborhoods — southwestern,/Users/ryanlittle/code/projects/bpd-districts/data/shapefiles/district-neighborhoods/southwestern-neighborhoods.geojson
"20",Boyd-Booth,1079792.29144,4766.04736674,1876.30225829252,167692.603389888,southwestern-neighborhoods — southwestern,/Users/ryanlittle/code/projects/bpd-districts/data/shapefiles/district-neighborhoods/southwestern-neighborhoods.geojson
"34",Carroll-South Hilton,13523718.2466,15897.6177032,6266.64729588954,2100162.64543379,southwestern-neighborhoods — southwestern,/Users/ryanlittle/code/projects/bpd-districts/data/shapefiles/district-neighborhoods/southwestern-neighborhoods.geojson
"35",Carrollton Ridge,6213391.71661,10655.0070225,4199.34672629475,964814.104920267,southwestern-neighborhoods — southwestern,/Users/ryanlittle/code/projects/bpd-districts/data/shapefiles/district-neighborhoods/southwestern-neighborhoods.geojson
"69",Edmondson Village,5180640.56824,9828.19310202,3875.51622496638,804798.908379802,southwestern-neighborhoods — southwestern,/Users/ryanlittle/code/projects/bpd-districts/data/shapefiles/district-neighborhoods/southwestern-neighborhoods.geojson
"82",Franklin Square,4798289.71259,9307.5247021,3667.77387417115,745246.38520442,southwestern-neighborhoods — southwestern,/Users/ryanlittle/code/projects/bpd-districts/data/shapefiles/district-neighborhoods/southwestern-neighborhoods.geojson
"97",Gwynns Falls,4983195.13336,10144.0197385,3995.74903429346,773691.574394329,southwestern-neighborhoods — southwestern,/Users/ryanlittle/code/projects/bpd-districts/data/shapefiles/district-neighborhoods/southwestern-neighborhoods.geojson
"111",Hollins Market,2981709.24518,7921.82652751,3118.99768471368,463064.283213221,southwestern-neighborhoods — southwestern,/Users/ryanlittle/code/projects/bpd-districts/data/shapefiles/district-neighborhoods/southwestern-neighborhoods.geojson
"115",Hunting Ridge,7299309.16382,11845.6394585,4667.90524249432,1133893.51815998,southwestern-neighborhoods — southwestern,/Users/ryanlittle/code/projects/bpd-districts/data/shapefiles/district-neighborhoods/southwestern-neighborhoods.geojson
"118",Irvington,24779664.7764,27199.0179338,10714.7294145838,3847358.34692352,southwestern-neighborhoods — southwestern,/Users/ryanlittle/code/projects/bpd-districts/data/shapefiles/district-neighborhoods/southwestern-neighborhoods.geojson
"153",Millhill,5848744.91077,11528.4022207,4543.96381189516,908114.25283348,southwestern-neighborhoods — southwestern,/Users/ryanlittle/code/projects/bpd-districts/data/shapefiles/district-neighborhoods/southwestern-neighborhoods.geojson
"162",New Southwest/Mount Clare,3296316.85895,8639.52413584,3403.60704079363,511863.224390044,southwestern-neighborhoods — southwestern,/Users/ryanlittle/code/projects/bpd-districts/data/shapefiles/district-neighborhoods/southwestern-neighborhoods.geojson
"192",Penrose/Fayette Street Outreach,9839064.52368,17648.9040774,6951.10835628743,1528187.12171196,southwestern-neighborhoods — southwestern,/Users/ryanlittle/code/projects/bpd-districts/data/shapefiles/district-neighborhoods/southwestern-neighborhoods.geojson
"197",Poppleton,5077949.11481,9329.03789928,3674.54356474038,788697.033631174,southwestern-neighborhoods — southwestern,/Users/ryanlittle/code/projects/bpd-districts/data/shapefiles/district-neighborhoods/southwestern-neighborhoods.geojson
"209",Rognel Heights,4737133.02698,8701.43171871,3429.88963172943,735870.593309379,southwestern-neighborhoods — southwestern,/Users/ryanlittle/code/projects/bpd-districts/data/shapefiles/district-neighborhoods/southwestern-neighborhoods.geojson
"216",Saint Agnes,2322243.7348,6943.97301528,2735.73360356763,360517.234668769,southwestern-neighborhoods — southwestern,/Users/ryanlittle/code/projects/bpd-districts/data/shapefiles/district-neighborhoods/southwestern-neighborhoods.geojson
"218",Saint Josephs,3895942.16162,9237.95445987,3641.6115002929,605012.4683558,southwestern-neighborhoods — southwestern,/Users/ryanlittle/code/projects/bpd-districts/data/shapefiles/district-neighborhoods/southwestern-neighborhoods.geojson
"225",Shipley Hill,5083622.16815,11741.3227921,4625.91620558916,789471.759543037,southwestern-neighborhoods — southwestern,/Users/ryanlittle/code/projects/bpd-districts/data/shapefiles/district-neighborhoods/southwestern-neighborhoods.geojson
"231",Ten Hills,9288916.39575,14038.4489996,5531.23971560662,1442597.72723456,southwestern-neighborhoods — southwestern,/Users/ryanlittle/code/projects/bpd-districts/data/shapefiles/district-neighborhoods/southwestern-neighborhoods.geojson
"234",Tremont,981770.51123,4252.06748166,1676.89040879079,152452.949012996,southwestern-neighborhoods — southwestern,/Users/ryanlittle/code/projects/bpd-districts/data/shapefiles/district-neighborhoods/southwestern-neighborhoods.geojson
"236",Union Square,1848652.25317,5892.06914223,2320.40513461471,287093.421839425,southwestern-neighborhoods — southwestern,/Users/ryanlittle/code/projects/bpd-districts/data/shapefiles/district-neighborhoods/southwestern-neighborhoods.geojson
"238",Uplands,5515700.22363,9921.97591854,3911.36056072781,856659.792528164,southwestern-neighborhoods — southwestern,/Users/ryanlittle/code/projects/bpd-districts/data/shapefiles/district-neighborhoods/southwestern-neighborhoods.geojson
"251",West Hills,9341628.62201,19743.5052175,7780.71881136635,1451178.62259487,southwestern-neighborhoods — southwestern,/Users/ryanlittle/code/projects/bpd-districts/data/shapefiles/district-neighborhoods/southwestern-neighborhoods.geojson
"253",Westgate,9280426.74249,18851.3525271,7427.03521868302,1441148.73945007,southwestern-neighborhoods — southwestern,/Users/ryanlittle/code/projects/bpd-districts/data/shapefiles/district-neighborhoods/southwestern-neighborhoods.geojson
"265",Yale Heights,5356110.38776,11988.3766487,4724.00594666784,831551.291518768,southwestern-neighborhoods — southwestern,/Users/ryanlittle/code/projects/bpd-districts/data/shapefiles/district-neighborhoods/southwestern-neighborhoods.geojson
"266",Lower Edmondson Village,629662.93158,3165.09622239,1247.40092240676,97802.9690837679,southwestern-neighborhoods — southwestern,/Users/ryanlittle/code/projects/bpd-districts/data/shapefiles/district-neighborhoods/southwestern-neighborhoods.geojson
"268",Edgewood,2895080.3584,7743.99048664,3052.33191044266,449720.074368607,southwestern-neighborhoods — southwestern,/Users/ryanlittle/code/projects/bpd-districts/data/shapefiles/district-neighborhoods/southwestern-neighborhoods.geojson
"19",Bolton Hill,6348574.22766,11003.0889007,4335.45658302374,986511.210367481,western-neighborhoods — western,/Users/ryanlittle/code/projects/bpd-districts/data/shapefiles/district-neighborhoods/western-neighborhoods.geojson
"22",Bridgeview/Greenlawn,7898007.7019,13013.0661243,5128.29595339946,1227061.20088156,western-neighborhoods — western,/Users/ryanlittle/code/projects/bpd-districts/data/shapefiles/district-neighborhoods/western-neighborhoods.geojson
"50",Coppin Heights/Ash-Co-East,5351583.22021,11178.8324314,4404.61993891108,831569.145217574,western-neighborhoods — western,/Users/ryanlittle/code/projects/bpd-districts/data/shapefiles/district-neighborhoods/western-neighborhoods.geojson
"61",Druid Heights,2523421.25824,8006.28513642,3154.65296824345,392122.158385352,western-neighborhoods — western,/Users/ryanlittle/code/projects/bpd-districts/data/shapefiles/district-neighborhoods/western-neighborhoods.geojson
"67",Easterwood,2153375.28192,5925.67131761,2336.48632013201,334611.535327209,western-neighborhoods — western,/Users/ryanlittle/code/projects/bpd-districts/data/shapefiles/district-neighborhoods/western-neighborhoods.geojson
"73",Evergreen Lawn,1488787.2088,5620.07789752,2214.00259685287,231271.798537904,western-neighborhoods — western,/Users/ryanlittle/code/projects/bpd-districts/data/shapefiles/district-neighborhoods/western-neighborhoods.geojson
"84",Franklintown Road,3426176.92828,8198.19106805,3233.30889538541,532240.862181434,western-neighborhoods — western,/Users/ryanlittle/code/projects/bpd-districts/data/shapefiles/district-neighborhoods/western-neighborhoods.geojson
"102",Harlem Park,8702911.43793,12560.7674714,4947.05012423218,1351904.16331377,western-neighborhoods — western,/Users/ryanlittle/code/projects/bpd-districts/data/shapefiles/district-neighborhoods/western-neighborhoods.geojson
"105",Heritage Crossing,2374718.72424,7775.35161601,3064.72760692382,368890.112201078,western-neighborhoods — western,/Users/ryanlittle/code/projects/bpd-districts/data/shapefiles/district-neighborhoods/western-neighborhoods.geojson
"142",Madison Park,4435026.88953,14263.2063374,5622.31201191104,689098.702660374,western-neighborhoods — western,/Users/ryanlittle/code/projects/bpd-districts/data/shapefiles/district-neighborhoods/western-neighborhoods.geojson
"152",Midtown-Edmondson,4169624.33594,11871.3813816,4680.29652727856,647711.917104373,western-neighborhoods — western,/Users/ryanlittle/code/projects/bpd-districts/data/shapefiles/district-neighborhoods/western-neighborhoods.geojson
"155",Mondawmin,10671021.2176,13837.7520233,5453.90427306812,1658451.03240597,western-neighborhoods — western,/Users/ryanlittle/code/projects/bpd-districts/data/shapefiles/district-neighborhoods/western-neighborhoods.geojson
"161",Mosher,3213355.02954,7162.68569155,2824.02816913189,499179.601641668,western-neighborhoods — western,/Users/ryanlittle/code/projects/bpd-districts/data/shapefiles/district-neighborhoods/western-neighborhoods.geojson
"182",Panway/Braddish Avenue,2262278.16107,6872.04384964,2709.1674484983,351587.459980376,western-neighborhoods — western,/Users/ryanlittle/code/projects/bpd-districts/data/shapefiles/district-neighborhoods/western-neighborhoods.geojson
"186",Parkview/Woodbrook,2747335.73761,7362.81324146,2902.84357416166,427018.934530499,western-neighborhoods — western,/Users/ryanlittle/code/projects/bpd-districts/data/shapefiles/district-neighborhoods/western-neighborhoods.geojson
"190",Penn North,3769190.45996,8974.81799178,3537.70910846388,585768.956997451,western-neighborhoods — western,/Users/ryanlittle/code/projects/bpd-districts/data/shapefiles/district-neighborhoods/western-neighborhoods.geojson
"205",Reservoir Hill,8491902.15472,13876.2896245,5465.39574733831,1319780.5704027,western-neighborhoods — western,/Users/ryanlittle/code/projects/bpd-districts/data/shapefiles/district-neighborhoods/western-neighborhoods.geojson
"214",Rosemont Homeowners/Tenants,1756968.65973,7028.55280827,2766.81104595647,272913.709992815,western-neighborhoods — western,/Users/ryanlittle/code/projects/bpd-districts/data/shapefiles/district-neighborhoods/western-neighborhoods.geojson
"220",Sandtown-Winchester,11333130.8926,14215.8061631,5604.67849171492,1760865.7259681,western-neighborhoods — western,/Users/ryanlittle/code/projects/bpd-districts/data/shapefiles/district-neighborhoods/western-neighborhoods.geojson
"240",Upton,8168466.44037,15623.0042484,6160.60027287419,1269080.43984681,western-neighborhoods — western,/Users/ryanlittle/code/projects/bpd-districts/data/shapefiles/district-neighborhoods/western-neighborhoods.geojson
"256",Winchester,2317468.39392,8751.26136424,3448.79369288276,360054.179218826,western-neighborhoods — western,/Users/ryanlittle/code/projects/bpd-districts/data/shapefiles/district-neighborhoods/western-neighborhoods.geojson
